{"cameraMode":{"drawMode":0,"name":"Shaded","section":"Shading Mode"},"sceneLighting":true,"audioPlay":false,"sceneViewState":{"m_AlwaysRefresh":false,"showFog":true,"showSkybox":true,"showFlares":true,"showImageEffects":true,"showParticleSystems":true,"showVisualEffectGraphs":true,"m_FxEnabled":true},"in2DMode":false,"pivot":{"x":-0.49771571159362795,"y":0.7041354775428772,"z":-1.7155046463012696},"rotation":{"x":-0.07426616549491883,"y":0.8724583983421326,"z":-0.14017899334430695,"w":-0.46222472190856936},"size":3.168656587600708,"orthographic":false}