{"cameraMode":{"drawMode":0,"name":"Shaded","section":"Shading Mode"},"sceneLighting":true,"audioPlay":false,"sceneViewState":{"m_AlwaysRefresh":false,"showFog":true,"showSkybox":true,"showFlares":true,"showImageEffects":true,"showParticleSystems":true,"showVisualEffectGraphs":true,"m_FxEnabled":true},"in2DMode":false,"pivot":{"x":2.6204051971435549,"y":-0.5572212934494019,"z":3.5483226776123049},"rotation":{"x":-0.12024731189012528,"y":0.4079660177230835,"z":-0.05427519604563713,"w":-0.9034439921379089},"size":2.914471387863159,"orthographic":false}