{"cameraMode":{"drawMode":0,"name":"Shaded","section":"Shading Mode"},"sceneLighting":true,"audioPlay":false,"sceneViewState":{"m_AlwaysRefresh":false,"showFog":true,"showSkybox":true,"showFlares":true,"showImageEffects":true,"showParticleSystems":true,"showVisualEffectGraphs":true,"m_FxEnabled":true},"in2DMode":false,"pivot":{"x":4.73836088180542,"y":1.2715094089508057,"z":0.6404561996459961},"rotation":{"x":-0.18224801123142243,"y":-0.02067377418279648,"z":0.003860000055283308,"w":-0.9830501675605774},"size":6.976339817047119,"orthographic":false}