{"cameraMode":{"drawMode":0,"name":"Shaded","section":"Shading Mode"},"sceneLighting":true,"audioPlay":false,"sceneViewState":{"m_AlwaysRefresh":false,"showFog":true,"showSkybox":true,"showFlares":true,"showImageEffects":true,"showParticleSystems":true,"showVisualEffectGraphs":true,"m_FxEnabled":true},"in2DMode":false,"pivot":{"x":12.512895584106446,"y":-3.5091896057128908,"z":-26.448518753051759},"rotation":{"x":0.0005060268449597061,"y":0.897032618522644,"z":-0.44198843836784365,"w":0.0010558501817286015},"size":24.6971378326416,"orthographic":false}